location.name,location.image,part.number,part.kind,part.description
4,861034-XXX.png,858512-405D,Subpart,RH Backrest Foodtray Outer
4,861034-XXX.png,858512-405D,Subpart,LH Backrest Foodtray Outer
4,861034-XXX.png,858511-419A,Subpart,RH Backrest Foodtray Inner
4,861034-XXX.png,858511-419A,Subpart,LH Backrest Foodtray Inner
4A,861034-XXX.png,848655-401N,Subpart,Cup Holder RH
4A,861034-XXX.png,848655-401N,Subpart,Cup Holder LH
8,861034-XXX.png,854675-413B,Subpart,Escutcheon CTR
8,861034-XXX.png,854675-413B,Subpart,Escutcheon RH
8,861034-XXX.png,854675-401X,Subpart,Escutcheon LH
6,861034-XXX.png,854676-401A,Subpart,Armcap RH
6,861034-XXX.png,854676-401A,Subpart,Armcap LH
6,861034-XXX.png,854676-401A,Subpart,Armcap CTR
2,861034-XXX.png,855135-401M,Subpart,Bumper Panel LH
5,861034-XXX.png,TAP-DO-000178-EPA,Subpart,RH Dress cover - Headrest
5,861034-XXX.png,TAP-DO-000178-EPA,Subpart,LH Dress cover - Headrest
5,861034-XXX.png,TAP-DO-000175-EPA,Subpart,RH Dress cover - Backrest
5,861034-XXX.png,TAP-DO-000175-EPA,Subpart,LH Dress cover - Backrest
5,861034-XXX.png,TAP-DO-000171-EPA,Subpart,RH Dress cover - Seatbottom
5,861034-XXX.png,TAP-DO-000171-EPA,Subpart,LH Dress cover - Seatbottom
5,861034-XXX.png,TAP-DO-000181-EPA,Subpart,RH Dress cover - Back Poket
5,861034-XXX.png,TAP-DO-000181-EPA,Subpart,LH Dress cover - Back Poket
5A,861034-XXX.png,TP25-8389,Subpart,RH Seat belt with buckle
5A,861034-XXX.png,TP25-8389,Subpart,LH Seat belt with buckle
5A,861034-XXX.png,TP25-8390,Subpart,RH Seat belt without buckle
5A,861034-XXX.png,TP25-8390,Subpart,LH Seat belt without buckle
4,861034-XXX.png,859266-401B,Subpart,Latch RH
4,861034-XXX.png,859266-401B,Subpart,Latch LH
